id;RegionEn;CityEn;AddressEn;MinPricePerSqMeter;AvgPricePerSqMeter;MaxPricePerSqMeter;OffersCount;TotalFloors;WktPoint;Lat;Lon;OnDate;Source
142704;Moscow oblast;Reutov;Moscow oblast, Balashikha, micro-district of Saltykovka, nosovihinskoe highway, 35;116000,0000;116000,0000;116000,0000;1;14;POINT(37.892044 55.752146);55.752146;37.892044;01.10.2016 0:00:00;myData.biz
163038;Moscow oblast;Reutov;Moscow oblast, Balashikha, micro-district of Saltykovka, nosovihinskoe highway, 69;133000,0000;133000,0000;133000,0000;2;25;POINT(37.897056 55.752683);55.752683;37.897056;01.10.2016 0:00:00;myData.biz
237779;Moscow oblast;Reutov;Moscow region, Podolsk urban district, the village Train, 26;89000,0000;89000,0000;89000,0000;1;17;POINT(37.538377 55.387024);55.387024;37.538377;01.02.2017 0:00:00;myData.biz
142707;Moscow oblast;Reutov;Moscow region, Reutov, 6A neighborhood, K2;80000,0000;88000,0000;99000,0000;17;25;POINT(37.848987 55.773768);55.773768;37.848987;01.12.2016 0:00:00;myData.biz
142825;Moscow oblast;Reutov;Moscow region, Reutov, 6A neighborhood, K3;74000,0000;81000,0000;85000,0000;20;25;POINT(37.848655 55.775115);55.775115;37.848655;01.12.2016 0:00:00;myData.biz
142762;Moscow oblast;Reutov;Moscow region, Reutov, 6A neighborhood, K4;74000,0000;79000,0000;85000,0000;21;25;POINT(37.848565 55.775586);55.775586;37.848565;01.11.2016 0:00:00;myData.biz
142725;Moscow oblast;Reutov;Moscow region, Reutov, 6A neighborhood, K7;64000,0000;74000,0000;89000,0000;35;25;POINT(37.846876 55.774775);55.774775;37.846876;01.12.2016 0:00:00;myData.biz
142779;Moscow oblast;Reutov;Moscow region, Reutov, 6A neighborhood, K8;55000,0000;78000,0000;103000,0000;20;25;POINT(37.846436 55.773697);55.773697;37.846436;01.12.2016 0:00:00;myData.biz
142729;Moscow oblast;Reutov;Moscow region, Reutov, Ashgabat street, 19B;93000,0000;107000,0000;127000,0000;4;5;POINT(37.86124 55.756498);55.756498;37.86124;01.10.2016 0:00:00;myData.biz
142844;Moscow oblast;Reutov;Moscow region, Reutov, Ashgabat street, 23;133000,0000;134000,0000;135000,0000;2;9;POINT(37.861842 55.75703);55.75703;37.861842;01.12.2016 0:00:00;myData.biz
142772;Moscow oblast;Reutov;Moscow region, Reutov, Ashgabat street, 25;137000,0000;147000,0000;156000,0000;4;10;POINT(37.861546 55.757622);55.757622;37.861546;01.10.2016 0:00:00;myData.biz
142709;Moscow oblast;Reutov;Moscow region, Reutov, Ashgabat street, 27;113000,0000;123000,0000;137000,0000;3;25;POINT(37.860567 55.756984);55.756984;37.860567;01.10.2016 0:00:00;myData.biz
142759;Moscow oblast;Reutov;Moscow region, Reutov, Ashgabat street, 27к1;133000,0000;133000,0000;133000,0000;1;18;POINT(37.859075 55.757004);55.757004;37.859075;01.10.2016 0:00:00;myData.biz
142806;Moscow oblast;Reutov;Moscow region, Reutov, Ashgabat street, 27к2;132000,0000;133000,0000;134000,0000;3;20;POINT(37.859219 55.757496);55.757496;37.859219;01.12.2016 0:00:00;myData.biz
142803;Moscow oblast;Reutov;Moscow region, Reutov, Ashgabat street, 27к3;139000,0000;139000,0000;139000,0000;1;25;POINT(37.860621 55.757597);55.757597;37.860621;01.10.2016 0:00:00;myData.biz
142694;Moscow oblast;Reutov;Moscow region, Reutov, Ashgabat street, 33;107000,0000;128000,0000;162000,0000;13;17;POINT(37.861483 55.758843);55.758843;37.861483;01.11.2016 0:00:00;myData.biz
142869;Moscow oblast;Reutov;Moscow region, Reutov, Dzerzhinsky street, 2;114000,0000;124000,0000;129000,0000;4;12;POINT(37.848969 55.751351);55.751351;37.848969;01.11.2016 0:00:00;myData.biz
142711;Moscow oblast;Reutov;Moscow region, Reutov, Dzerzhinsky street, 2к4;116000,0000;137000,0000;150000,0000;3;16;POINT(37.848951 55.752764);55.752764;37.848951;01.12.2016 0:00:00;myData.biz
250404;Moscow oblast;Reutov;Moscow region, Reutov, Dzerzhinsky street, 4к2;168000,0000;168000,0000;168000,0000;1;16;POINT(37.850676 55.752653);55.752653;37.850676;01.03.2017 0:00:00;myData.biz
212410;Moscow oblast;Reutov;Moscow region, Reutov, Dzerzhinsky street, 4к3;125000,0000;125000,0000;126000,0000;2;16;POINT(37.850757 55.752967);55.752967;37.850757;01.01.2017 0:00:00;myData.biz
250405;Moscow oblast;Reutov;Moscow region, Reutov, Dzerzhinsky street, 5к2;129000,0000;129000,0000;129000,0000;1;16;POINT(37.852105 55.752911);55.752911;37.852105;01.03.2017 0:00:00;myData.biz
207828;Moscow oblast;Reutov;Moscow region, Reutov, Dzerzhinsky street, 6;104000,0000;104000,0000;104000,0000;1;5;POINT(37.853551 55.752516);55.752516;37.853551;01.12.2016 0:00:00;myData.biz
142670;Moscow oblast;Reutov;Moscow region, Reutov, Dzerzhinsky street, 9;92000,0000;116000,0000;129000,0000;11;17;POINT(37.856434 55.752602);55.752602;37.856434;01.11.2016 0:00:00;myData.biz
142856;Moscow oblast;Reutov;Moscow region, Reutov, Forest street, 10;124000,0000;124000,0000;124000,0000;1;9;POINT(37.850137 55.760773);55.760773;37.850137;01.09.2016 0:00:00;myData.biz
142814;Moscow oblast;Reutov;Moscow region, Reutov, Forest street, 11к1;114000,0000;148000,0000;251000,0000;11;25;POINT(37.847218 55.760099);55.760099;37.847218;01.01.2017 0:00:00;myData.biz
142755;Moscow oblast;Reutov;Moscow region, Reutov, Gagarin street, 17A;116000,0000;116000,0000;116000,0000;1;5;POINT(37.860055 55.765149);55.765149;37.860055;01.10.2016 0:00:00;myData.biz
142662;Moscow oblast;Reutov;Moscow region, Reutov, Gagarin street, 18;93000,0000;93000,0000;93000,0000;1;5;POINT(37.864609 55.763827);55.763827;37.864609;01.10.2016 0:00:00;myData.biz
237778;Moscow oblast;Reutov;Moscow region, Reutov, Gagarin street, 19;107000,0000;107000,0000;107000,0000;1;4;POINT(37.861869 55.76481);55.76481;37.861869;01.02.2017 0:00:00;myData.biz
194683;Moscow oblast;Reutov;Moscow region, Reutov, Gagarin street, 22;102000,0000;114000,0000;125000,0000;2;5;POINT(37.865444 55.763761);55.763761;37.865444;01.12.2016 0:00:00;myData.biz
142832;Moscow oblast;Reutov;Moscow region, Reutov, Gagarin street, 26;108000,0000;108000,0000;108000,0000;1;5;POINT(37.866199 55.763711);55.763711;37.866199;01.09.2016 0:00:00;myData.biz
228087;Moscow oblast;Reutov;Moscow region, Reutov, Gagarin street, 30;124000,0000;124000,0000;124000,0000;1;5;POINT(37.866954 55.762617);55.762617;37.866954;01.01.2017 0:00:00;myData.biz
183256;Moscow oblast;Reutov;Moscow region, Reutov, Gagarin street, 32;114000,0000;114000,0000;114000,0000;1;5;POINT(37.8661 55.762566);55.762566;37.8661;01.11.2016 0:00:00;myData.biz
142816;Moscow oblast;Reutov;Moscow region, Reutov, Gagarin street, 34;60000,0000;103000,0000;137000,0000;3;5;POINT(37.867358 55.761978);55.761978;37.867358;01.01.2017 0:00:00;myData.biz
142737;Moscow oblast;Reutov;Moscow region, Reutov, Gagarin street, 38;126000,0000;133000,0000;141000,0000;4;17;POINT(37.8654 55.761953);55.761953;37.8654;01.11.2016 0:00:00;myData.biz
142673;Moscow oblast;Reutov;Moscow region, Reutov, Gagarin street, 40;119000,0000;135000,0000;149000,0000;15;20;POINT(37.867744 55.760975);55.760975;37.867744;01.12.2016 0:00:00;myData.biz
157347;Moscow oblast;Reutov;Moscow region, Reutov, Gagarin street, 5A;88000,0000;126000,0000;145000,0000;4;5;POINT(37.857432 55.763559);55.763559;37.857432;01.12.2016 0:00:00;myData.biz
142789;Moscow oblast;Reutov;Moscow region, Reutov, Gagarina street, 12;96000,0000;114000,0000;129000,0000;5;9;POINT(37.847954 55.77075);55.77075;37.847954;01.12.2016 0:00:00;myData.biz
142822;Moscow oblast;Reutov;Moscow region, Reutov, Gagarina street, 16;54000,0000;88000,0000;122000,0000;2;9;POINT(37.848933 55.771175);55.771175;37.848933;01.10.2016 0:00:00;myData.biz
235166;Moscow oblast;Reutov;Moscow region, Reutov, Gagarina street, 17;77000,0000;84000,0000;88000,0000;4;25;POINT(37.849005 55.773201);55.773201;37.849005;01.03.2017 0:00:00;myData.biz
188819;Moscow oblast;Reutov;Moscow region, Reutov, Gagarina street, 17;107000,0000;107000,0000;107000,0000;1;4;POINT(37.86063 55.764759);55.764759;37.86063;01.11.2016 0:00:00;myData.biz
142658;Moscow oblast;Reutov;Moscow region, Reutov, Gagarina street, 18;59000,0000;92000,0000;113000,0000;6;9;POINT(37.849814 55.772305);55.772305;37.849814;01.10.2016 0:00:00;myData.biz
142794;Moscow oblast;Reutov;Moscow region, Reutov, Gagarina street, 2;81000,0000;144000,0000;177000,0000;12;25;POINT(37.846472 55.768851);55.768851;37.846472;01.01.2017 0:00:00;myData.biz
142846;Moscow oblast;Reutov;Moscow region, Reutov, Gagarina street, 25;83000,0000;83000,0000;83000,0000;2;6;POINT(37.864681 55.764835);55.764835;37.864681;01.11.2016 0:00:00;myData.biz
142831;Moscow oblast;Reutov;Moscow region, Reutov, Garden travel, 1;111000,0000;114000,0000;117000,0000;3;9;POINT(37.850667 55.767291);55.767291;37.850667;01.11.2016 0:00:00;myData.biz
142730;Moscow oblast;Reutov;Moscow region, Reutov, Garden travel, 3;100000,0000;123000,0000;148000,0000;5;10;POINT(37.852527 55.768415);55.768415;37.852527;01.10.2016 0:00:00;myData.biz
142703;Moscow oblast;Reutov;Moscow region, Reutov, Garden travel, 3k1;96000,0000;122000,0000;188000,0000;12;25;POINT(37.852401 55.768866);55.768866;37.852401;01.12.2016 0:00:00;myData.biz
142833;Moscow oblast;Reutov;Moscow region, Reutov, Garden travel, 4;108000,0000;111000,0000;115000,0000;3;5;POINT(37.850973 55.768952);55.768952;37.850973;01.10.2016 0:00:00;myData.biz
142710;Moscow oblast;Reutov;Moscow region, Reutov, Golovashkina street, 10;97000,0000;104000,0000;120000,0000;5;9;POINT(37.853263 55.771747);55.771747;37.853263;01.11.2016 0:00:00;myData.biz
142802;Moscow oblast;Reutov;Moscow region, Reutov, Golovashkina street, 12;125000,0000;125000,0000;125000,0000;1;10;POINT(37.85267 55.772183);55.772183;37.85267;01.10.2016 0:00:00;myData.biz
174505;Moscow oblast;Reutov;Moscow region, Reutov, Golovashkina street, 3к2;68000,0000;82000,0000;98000,0000;5;25;POINT(37.85365 55.770249);55.770249;37.85365;01.01.2017 0:00:00;myData.biz
142787;Moscow oblast;Reutov;Moscow region, Reutov, Golovashkina street, 5;96000,0000;108000,0000;114000,0000;5;9;POINT(37.852194 55.770765);55.770765;37.852194;01.12.2016 0:00:00;myData.biz
142748;Moscow oblast;Reutov;Moscow region, Reutov, Golovashkina street, 8;98000,0000;106000,0000;131000,0000;6;9;POINT(37.853919 55.771337);55.771337;37.853919;01.12.2016 0:00:00;myData.biz
142718;Moscow oblast;Reutov;Moscow region, Reutov, Golovashkina ulitsa, 3k1;70000,0000;86000,0000;109000,0000;87;24;POINT(37.853353 55.769773);55.769773;37.853353;01.11.2016 0:00:00;myData.biz
142774;Moscow oblast;Reutov;Moscow region, Reutov, Jubilee Avenue, 1;115000,0000;133000,0000;152000,0000;9;17;POINT(37.850101 55.746106);55.746106;37.850101;01.12.2016 0:00:00;myData.biz
142753;Moscow oblast;Reutov;Moscow region, Reutov, Jubilee Avenue, 10;132000,0000;156000,0000;168000,0000;4;10;POINT(37.856911 55.747971);55.747971;37.856911;01.11.2016 0:00:00;myData.biz
228967;Moscow oblast;Reutov;Moscow region, Reutov, Jubilee Avenue, 11;160000,0000;160000,0000;160000,0000;1;9;POINT(37.853407 55.748924);55.748924;37.853407;01.01.2017 0:00:00;myData.biz
142841;Moscow oblast;Reutov;Moscow region, Reutov, Jubilee Avenue, 12;129000,0000;146000,0000;163000,0000;2;9;POINT(37.858671 55.747277);55.747277;37.858671;01.12.2016 0:00:00;myData.biz
176977;Moscow oblast;Reutov;Moscow region, Reutov, Jubilee Avenue, 13;114000,0000;134000,0000;157000,0000;4;9;POINT(37.854943 55.748721);55.748721;37.854943;01.01.2017 0:00:00;myData.biz
142780;Moscow oblast;Reutov;Moscow region, Reutov, Jubilee Avenue, 14;52000,0000;138000,0000;161000,0000;7;9;POINT(37.85921 55.748376);55.748376;37.85921;01.12.2016 0:00:00;myData.biz
142750;Moscow oblast;Reutov;Moscow region, Reutov, Jubilee Avenue, 15;122000,0000;131000,0000;142000,0000;4;9;POINT(37.857467 55.749795);55.749795;37.857467;01.11.2016 0:00:00;myData.biz
142708;Moscow oblast;Reutov;Moscow region, Reutov, Jubilee Avenue, 16;117000,0000;174000,0000;266000,0000;32;25;POINT(37.861312 55.748534);55.748534;37.861312;01.12.2016 0:00:00;myData.biz
161493;Moscow oblast;Reutov;Moscow region, Reutov, Jubilee Avenue, 2;112000,0000;116000,0000;120000,0000;2;16;POINT(37.853883 55.745929);55.745929;37.853883;01.12.2016 0:00:00;myData.biz
142868;Moscow oblast;Reutov;Moscow region, Reutov, Jubilee Avenue, 24/7;132000,0000;132000,0000;132000,0000;1;14;POINT(37.862588 55.748827);55.748827;37.862588;01.09.2016 0:00:00;myData.biz
142776;Moscow oblast;Reutov;Moscow region, Reutov, Jubilee Avenue, 26;134000,0000;144000,0000;158000,0000;3;14;POINT(37.863711 55.749005);55.749005;37.863711;01.11.2016 0:00:00;myData.biz
142715;Moscow oblast;Reutov;Moscow region, Reutov, Jubilee Avenue, 2к1;134000,0000;160000,0000;176000,0000;7;16;POINT(37.854611 55.746922);55.746922;37.854611;01.10.2016 0:00:00;myData.biz
243704;Moscow oblast;Reutov;Moscow region, Reutov, Jubilee Avenue, 3;108000,0000;108000,0000;108000,0000;1;25;POINT(37.852733 55.74677);55.74677;37.852733;01.03.2017 0:00:00;myData.biz
142830;Moscow oblast;Reutov;Moscow region, Reutov, Jubilee Avenue, 30/2;107000,0000;117000,0000;130000,0000;6;9;POINT(37.864986 55.749471);55.749471;37.864986;01.12.2016 0:00:00;myData.biz
165035;Moscow oblast;Reutov;Moscow region, Reutov, Jubilee Avenue, 31;130000,0000;147000,0000;174000,0000;6;25;POINT(37.868786 55.751832);55.751832;37.868786;01.12.2016 0:00:00;myData.biz
142728;Moscow oblast;Reutov;Moscow region, Reutov, Jubilee Avenue, 33;137000,0000;153000,0000;169000,0000;6;22;POINT(37.869846 55.751315);55.751315;37.869846;01.12.2016 0:00:00;myData.biz
224588;Moscow oblast;Reutov;Moscow region, Reutov, Jubilee Avenue, 34;138000,0000;138000,0000;138000,0000;1;17;POINT(37.86796 55.749942);55.749942;37.86796;01.01.2017 0:00:00;myData.biz
142741;Moscow oblast;Reutov;Moscow region, Reutov, Jubilee Avenue, 36;116000,0000;139000,0000;166000,0000;5;9;POINT(37.869505 55.750393);55.750393;37.869505;01.11.2016 0:00:00;myData.biz
142791;Moscow oblast;Reutov;Moscow region, Reutov, Jubilee Avenue, 37;115000,0000;142000,0000;158000,0000;19;23;POINT(37.871903 55.751604);55.751604;37.871903;01.11.2016 0:00:00;myData.biz
142807;Moscow oblast;Reutov;Moscow region, Reutov, Jubilee Avenue, 39;132000,0000;148000,0000;173000,0000;7;25;POINT(37.871346 55.752029);55.752029;37.871346;01.12.2016 0:00:00;myData.biz
142801;Moscow oblast;Reutov;Moscow region, Reutov, Jubilee Avenue, 40;104000,0000;129000,0000;183000,0000;29;13;POINT(37.871328 55.750398);55.750398;37.871328;01.12.2016 0:00:00;myData.biz
142743;Moscow oblast;Reutov;Moscow region, Reutov, Jubilee Avenue, 41;115000,0000;143000,0000;152000,0000;8;17;POINT(37.873628 55.752014);55.752014;37.873628;01.11.2016 0:00:00;myData.biz
142692;Moscow oblast;Reutov;Moscow region, Reutov, Jubilee Avenue, 42;84000,0000;113000,0000;149000,0000;32;25;POINT(37.872227 55.749582);55.749582;37.872227;01.12.2016 0:00:00;myData.biz
142756;Moscow oblast;Reutov;Moscow region, Reutov, Jubilee Avenue, 44;125000,0000;136000,0000;154000,0000;4;14;POINT(37.872523 55.750965);55.750965;37.872523;01.11.2016 0:00:00;myData.biz
142655;Moscow oblast;Reutov;Moscow region, Reutov, Jubilee Avenue, 47;91000,0000;114000,0000;137000,0000;26;25;POINT(37.876404 55.752561);55.752561;37.876404;01.12.2016 0:00:00;myData.biz
142754;Moscow oblast;Reutov;Moscow region, Reutov, Jubilee Avenue, 48;104000,0000;123000,0000;137000,0000;4;16;POINT(37.873763 55.749907);55.749907;37.873763;01.10.2016 0:00:00;myData.biz
142687;Moscow oblast;Reutov;Moscow region, Reutov, Jubilee Avenue, 49;119000,0000;144000,0000;197000,0000;16;25;POINT(37.878344 55.753007);55.753007;37.878344;01.11.2016 0:00:00;myData.biz
229895;Moscow oblast;Reutov;Moscow region, Reutov, Jubilee Avenue, 5;144000,0000;144000,0000;144000,0000;1;14;POINT(37.852239 55.747353);55.747353;37.852239;01.01.2017 0:00:00;myData.biz
142688;Moscow oblast;Reutov;Moscow region, Reutov, Jubilee Avenue, 51;105000,0000;133000,0000;163000,0000;21;19;POINT(37.879503 55.753068);55.753068;37.879503;01.11.2016 0:00:00;myData.biz
142849;Moscow oblast;Reutov;Moscow region, Reutov, Jubilee Avenue, 52;122000,0000;122000,0000;122000,0000;1;14;POINT(37.87511 55.750352);55.750352;37.87511;01.09.2016 0:00:00;myData.biz
142770;Moscow oblast;Reutov;Moscow region, Reutov, Jubilee Avenue, 53;104000,0000;123000,0000;166000,0000;19;25;POINT(37.880896 55.754132);55.754132;37.880896;01.12.2016 0:00:00;myData.biz
223625;Moscow oblast;Reutov;Moscow region, Reutov, Jubilee Avenue, 54;113000,0000;137000,0000;162000,0000;2;9;POINT(37.87441 55.751254);55.751254;37.87441;01.01.2017 0:00:00;myData.biz
142663;Moscow oblast;Reutov;Moscow region, Reutov, Jubilee Avenue, 55;110000,0000;123000,0000;148000,0000;13;25;POINT(37.880913 55.753438);55.753438;37.880913;01.11.2016 0:00:00;myData.biz
142765;Moscow oblast;Reutov;Moscow region, Reutov, Jubilee Avenue, 56;108000,0000;124000,0000;139000,0000;4;14;POINT(37.876054 55.751097);55.751097;37.876054;01.12.2016 0:00:00;myData.biz
142805;Moscow oblast;Reutov;Moscow region, Reutov, Jubilee Avenue, 59;112000,0000;147000,0000;182000,0000;19;25;POINT(37.882144 55.754365);55.754365;37.882144;01.11.2016 0:00:00;myData.biz
142836;Moscow oblast;Reutov;Moscow region, Reutov, Jubilee Avenue, 6;136000,0000;144000,0000;153000,0000;6;9;POINT(37.855734 55.747044);55.747044;37.855734;01.12.2016 0:00:00;myData.biz
142758;Moscow oblast;Reutov;Moscow region, Reutov, Jubilee Avenue, 60;133000,0000;155000,0000;178000,0000;17;17;POINT(37.879521 55.752308);55.752308;37.879521;01.11.2016 0:00:00;myData.biz
142700;Moscow oblast;Reutov;Moscow region, Reutov, Jubilee Avenue, 61;111000,0000;134000,0000;176000,0000;19;25;POINT(37.8828 55.753792);55.753792;37.8828;01.12.2016 0:00:00;myData.biz
142837;Moscow oblast;Reutov;Moscow region, Reutov, Jubilee Avenue, 62;146000,0000;150000,0000;153000,0000;3;17;POINT(37.881237 55.751953);55.751953;37.881237;01.12.2016 0:00:00;myData.biz
142714;Moscow oblast;Reutov;Moscow region, Reutov, Jubilee Avenue, 63;100000,0000;131000,0000;152000,0000;21;17;POINT(37.883977 55.753939);55.753939;37.883977;01.11.2016 0:00:00;myData.biz
142716;Moscow oblast;Reutov;Moscow region, Reutov, Jubilee Avenue, 66;115000,0000;147000,0000;215000,0000;19;17;POINT(37.881686 55.752683);55.752683;37.881686;01.12.2016 0:00:00;myData.biz
142691;Moscow oblast;Reutov;Moscow region, Reutov, Jubilee Avenue, 67;99000,0000;115000,0000;129000,0000;16;18;POINT(37.886582 55.754466);55.754466;37.886582;01.01.2017 0:00:00;myData.biz
142819;Moscow oblast;Reutov;Moscow region, Reutov, Jubilee Avenue, 68;108000,0000;119000,0000;141000,0000;3;25;POINT(37.882773 55.751933);55.751933;37.882773;01.11.2016 0:00:00;myData.biz
142680;Moscow oblast;Reutov;Moscow region, Reutov, Jubilee Avenue, 69;99000,0000;119000,0000;161000,0000;13;25;POINT(37.886672 55.75549);55.75549;37.886672;01.11.2016 0:00:00;myData.biz
221424;Moscow oblast;Reutov;Moscow region, Reutov, Jubilee Avenue, 7;138000,0000;138000,0000;138000,0000;1;14;POINT(37.853407 55.747627);55.747627;37.853407;01.01.2017 0:00:00;myData.biz
142682;Moscow oblast;Reutov;Moscow region, Reutov, Jubilee Avenue, 72;93000,0000;145000,0000;175000,0000;37;23;POINT(37.883716 55.753098);55.753098;37.883716;01.12.2016 0:00:00;myData.biz
142656;Moscow oblast;Reutov;Moscow region, Reutov, Jubilee Avenue, 78;99000,0000;145000,0000;179000,0000;58;19;POINT(37.88695 55.753711);55.753711;37.88695;01.11.2016 0:00:00;myData.biz
142669;Moscow oblast;Reutov;Moscow region, Reutov, Jubilee Avenue, 8;130000,0000;153000,0000;174000,0000;9;16;POINT(37.857773 55.747044);55.747044;37.857773;01.11.2016 0:00:00;myData.biz
144126;Moscow oblast;Reutov;Moscow region, Reutov, Jubilee Avenue, 9;121000,0000;138000,0000;186000,0000;7;9;POINT(37.853668 55.748088);55.748088;37.853668;01.12.2016 0:00:00;myData.biz
142862;Moscow oblast;Reutov;Moscow region, Reutov, Komsomolskaya street 32;109000,0000;124000,0000;132000,0000;3;9;POINT(37.849392 55.759907);55.759907;37.849392;01.10.2016 0:00:00;myData.biz
235167;Moscow oblast;Reutov;Moscow region, Reutov, Komsomolskaya street, 1;80000,0000;85000,0000;95000,0000;9;25;POINT(37.85276 55.752349);55.752349;37.85276;01.02.2017 0:00:00;myData.biz
142777;Moscow oblast;Reutov;Moscow region, Reutov, Komsomolskaya street, 10;103000,0000;136000,0000;159000,0000;17;25;POINT(37.85214 55.755267);55.755267;37.85214;01.11.2016 0:00:00;myData.biz
142845;Moscow oblast;Reutov;Moscow region, Reutov, Komsomolskaya street, 10к1;125000,0000;129000,0000;134000,0000;4;24;POINT(37.852599 55.754375);55.754375;37.852599;01.12.2016 0:00:00;myData.biz
142769;Moscow oblast;Reutov;Moscow region, Reutov, Komsomolskaya street, 12;117000,0000;143000,0000;168000,0000;13;23;POINT(37.852787 55.754932);55.754932;37.852787;01.12.2016 0:00:00;myData.biz
230759;Moscow oblast;Reutov;Moscow region, Reutov, Komsomolskaya street, 13;91000,0000;121000,0000;152000,0000;2;5;POINT(37.84905 55.755186);55.755186;37.84905;01.02.2017 0:00:00;myData.biz
142724;Moscow oblast;Reutov;Moscow region, Reutov, Komsomolskaya street, 14;84000,0000;100000,0000;133000,0000;18;25;POINT(37.851907 55.755763);55.755763;37.851907;01.11.2016 0:00:00;myData.biz
142732;Moscow oblast;Reutov;Moscow region, Reutov, Komsomolskaya street, 18/2;115000,0000;133000,0000;147000,0000;15;16;POINT(37.851386 55.756346);55.756346;37.851386;01.11.2016 0:00:00;myData.biz
142689;Moscow oblast;Reutov;Moscow region, Reutov, Komsomolskaya street, 2;74000,0000;84000,0000;93000,0000;134;25;POINT(37.850263 55.756584);55.756584;37.850263;01.12.2016 0:00:00;myData.biz
246003;Moscow oblast;Reutov;Moscow region, Reutov, Komsomolskaya street, 21;190000,0000;190000,0000;190000,0000;1;5;POINT(37.849365 55.756011);55.756011;37.849365;01.03.2017 0:00:00;myData.biz
142800;Moscow oblast;Reutov;Moscow region, Reutov, Komsomolskaya street, 22;107000,0000;127000,0000;159000,0000;14;25;POINT(37.850802 55.757435);55.757435;37.850802;01.11.2016 0:00:00;myData.biz
209627;Moscow oblast;Reutov;Moscow region, Reutov, Komsomolskaya street, 23;96000,0000;108000,0000;123000,0000;3;5;POINT(37.848754 55.755849);55.755849;37.848754;01.01.2017 0:00:00;myData.biz
142701;Moscow oblast;Reutov;Moscow region, Reutov, Komsomolskaya street, 26;130000,0000;144000,0000;203000,0000;8;25;POINT(37.850667 55.758174);55.758174;37.850667;01.11.2016 0:00:00;myData.biz
172320;Moscow oblast;Reutov;Moscow region, Reutov, Komsomolskaya street, 27;109000,0000;109000,0000;109000,0000;1;5;POINT(37.847433 55.755631);55.755631;37.847433;01.11.2016 0:00:00;myData.biz
218492;Moscow oblast;Reutov;Moscow region, Reutov, Komsomolskaya street, 28;102000,0000;113000,0000;119000,0000;3;9;POINT(37.850173 55.758549);55.758549;37.850173;01.02.2017 0:00:00;myData.biz
142827;Moscow oblast;Reutov;Moscow region, Reutov, Komsomolskaya street, 3;109000,0000;111000,0000;113000,0000;2;9;POINT(37.847838 55.752425);55.752425;37.847838;01.11.2016 0:00:00;myData.biz
142751;Moscow oblast;Reutov;Moscow region, Reutov, Komsomolskaya street, 3A;162000,0000;163000,0000;165000,0000;2;9;POINT(37.847595 55.753154);55.753154;37.847595;01.10.2016 0:00:00;myData.biz
142722;Moscow oblast;Reutov;Moscow region, Reutov, Komsomolskaya street, 4;138000,0000;138000,0000;138000,0000;1;5;POINT(37.852967 55.753413);55.753413;37.852967;01.10.2016 0:00:00;myData.biz
142757;Moscow oblast;Reutov;Moscow region, Reutov, Komsomolskaya street, 5;87000,0000;180000,0000;244000,0000;5;9;POINT(37.84737 55.754623);55.754623;37.84737;01.01.2017 0:00:00;myData.biz
142745;Moscow oblast;Reutov;Moscow region, Reutov, Komsomolskaya street, 5A;115000,0000;147000,0000;177000,0000;5;9;POINT(37.847505 55.753904);55.753904;37.847505;01.12.2016 0:00:00;myData.biz
142835;Moscow oblast;Reutov;Moscow region, Reutov, Komsomolskaya street, 6;104000,0000;104000,0000;104000,0000;1;3;POINT(37.852805 55.754036);55.754036;37.852805;01.09.2016 0:00:00;myData.biz
161763;Moscow oblast;Reutov;Moscow region, Reutov, Komsomolskaya street, 7;112000,0000;160000,0000;202000,0000;6;5;POINT(37.851377 55.755018);55.755018;37.851377;01.02.2017 0:00:00;myData.biz
142829;Moscow oblast;Reutov;Moscow region, Reutov, Komsomolskaya street, 9;107000,0000;112000,0000;119000,0000;5;5;POINT(37.850739 55.754846);55.754846;37.850739;01.12.2016 0:00:00;myData.biz
142843;Moscow oblast;Reutov;Moscow region, Reutov, Kotovsky street, 11;142000,0000;152000,0000;161000,0000;4;12;POINT(37.869101 55.748762);55.748762;37.869101;01.11.2016 0:00:00;myData.biz
142857;Moscow oblast;Reutov;Moscow region, Reutov, Kotovsky street, 12;128000,0000;143000,0000;154000,0000;5;12;POINT(37.86699 55.746704);55.746704;37.86699;01.12.2016 0:00:00;myData.biz
142813;Moscow oblast;Reutov;Moscow region, Reutov, Kotovsky street, 3;124000,0000;124000,0000;124000,0000;1;9;POINT(37.866981 55.749324);55.749324;37.866981;01.10.2016 0:00:00;myData.biz
142744;Moscow oblast;Reutov;Moscow region, Reutov, Kotovsky street, 4k1;121000,0000;148000,0000;176000,0000;2;14;POINT(37.865651 55.748148);55.748148;37.865651;01.10.2016 0:00:00;myData.biz
185599;Moscow oblast;Reutov;Moscow region, Reutov, Kotovsky street, 5;157000,0000;157000,0000;157000,0000;1;9;POINT(37.867843 55.749476);55.749476;37.867843;01.11.2016 0:00:00;myData.biz
142672;Moscow oblast;Reutov;Moscow region, Reutov, Kotovsky street, 6;116000,0000;128000,0000;149000,0000;11;9;POINT(37.864681 55.748574);55.748574;37.864681;01.11.2016 0:00:00;myData.biz
142863;Moscow oblast;Reutov;Moscow region, Reutov, Kotovsky street, 7;132000,0000;132000,0000;132000,0000;2;10;POINT(37.86752 55.748898);55.748898;37.86752;01.10.2016 0:00:00;myData.biz
142847;Moscow oblast;Reutov;Moscow region, Reutov, Kotovsky street, 8;141000,0000;146000,0000;151000,0000;3;9;POINT(37.866936 55.747535);55.747535;37.866936;01.12.2016 0:00:00;myData.biz
142850;Moscow oblast;Reutov;Moscow region, Reutov, Kotovsky street, 9;105000,0000;114000,0000;121000,0000;3;9;POINT(37.869316 55.749552);55.749552;37.869316;01.11.2016 0:00:00;myData.biz
181128;Moscow oblast;Reutov;Moscow region, Reutov, Lenin street, 14;89000,0000;94000,0000;98000,0000;3;4;POINT(37.856884 55.75787);55.75787;37.856884;01.01.2017 0:00:00;myData.biz
213616;Moscow oblast;Reutov;Moscow region, Reutov, Lenin street, 15;80000,0000;89000,0000;105000,0000;9;23;POINT(37.857108 55.755636);55.755636;37.857108;01.02.2017 0:00:00;myData.biz
210450;Moscow oblast;Reutov;Moscow region, Reutov, Lenin street, 17A;135000,0000;139000,0000;142000,0000;4;5;POINT(37.855788 55.756913);55.756913;37.855788;01.02.2017 0:00:00;myData.biz
142739;Moscow oblast;Reutov;Moscow region, Reutov, Lenin street, 3;112000,0000;130000,0000;143000,0000;4;14;POINT(37.856946 55.75323);55.75323;37.856946;01.10.2016 0:00:00;myData.biz
142812;Moscow oblast;Reutov;Moscow region, Reutov, Lenin street, 4;106000,0000;144000,0000;162000,0000;3;9;POINT(37.859183 55.754152);55.754152;37.859183;01.12.2016 0:00:00;myData.biz
142865;Moscow oblast;Reutov;Moscow region, Reutov, Lenin street, 8;97000,0000;101000,0000;104000,0000;3;4;POINT(37.857782 55.756148);55.756148;37.857782;01.11.2016 0:00:00;myData.biz
142817;Moscow oblast;Reutov;Moscow region, Reutov, Lesnaya street 11;124000,0000;152000,0000;195000,0000;7;25;POINT(37.847891 55.760469);55.760469;37.847891;01.12.2016 0:00:00;myData.biz
142853;Moscow oblast;Reutov;Moscow region, Reutov, Lesnaya street, 5;96000,0000;120000,0000;142000,0000;6;12;POINT(37.853245 55.759952);55.759952;37.853245;01.01.2017 0:00:00;myData.biz
142826;Moscow oblast;Reutov;Moscow region, Reutov, Lesnaya street, 6;87000,0000;109000,0000;142000,0000;15;9;POINT(37.852922 55.761082);55.761082;37.852922;01.12.2016 0:00:00;myData.biz
195401;Moscow oblast;Reutov;Moscow region, Reutov, Lesnaya street, 7;117000,0000;117000,0000;117000,0000;1;12;POINT(37.852563 55.760023);55.760023;37.852563;01.12.2016 0:00:00;myData.biz
142690;Moscow oblast;Reutov;Moscow region, Reutov, Lesnaya street, 8;104000,0000;125000,0000;163000,0000;7;9;POINT(37.851961 55.761173);55.761173;37.851961;01.11.2016 0:00:00;myData.biz
169320;Moscow oblast;Reutov;Moscow region, Reutov, Lesnaya street, 9;125000,0000;129000,0000;133000,0000;4;12;POINT(37.851646 55.760125);55.760125;37.851646;01.11.2016 0:00:00;myData.biz
166955;Moscow oblast;Reutov;Moscow region, Reutov, Mira Avenue, 17;99000,0000;99000,0000;99000,0000;1;5;POINT(37.862184 55.762272);55.762272;37.862184;01.11.2016 0:00:00;myData.biz
207997;Moscow oblast;Reutov;Moscow region, Reutov, Mira Avenue, 43;121000,0000;144000,0000;181000,0000;3;9;POINT(37.863926 55.767955);55.767955;37.863926;01.01.2017 0:00:00;myData.biz
230547;Moscow oblast;Reutov;Moscow region, Reutov, Mira, 51;100000,0000;107000,0000;114000,0000;2;14;POINT(37.865004 55.770871);55.770871;37.865004;01.02.2017 0:00:00;myData.biz
142782;Moscow oblast;Reutov;Moscow region, Reutov, Nekrasov's street, 14;102000,0000;127000,0000;158000,0000;5;9;POINT(37.850667 55.770451);55.770451;37.850667;01.11.2016 0:00:00;myData.biz
218683;Moscow oblast;Reutov;Moscow region, Reutov, Nekrasov's street, 6;82000,0000;82000,0000;82000,0000;1;12;POINT(37.848475 55.769768);55.769768;37.848475;01.01.2017 0:00:00;myData.biz
142667;Moscow oblast;Reutov;Moscow region, Reutov, New street, 10;100000,0000;122000,0000;145000,0000;6;14;POINT(37.855338 55.757577);55.757577;37.855338;01.11.2016 0:00:00;myData.biz
142824;Moscow oblast;Reutov;Moscow region, Reutov, New street, 14к3;100000,0000;110000,0000;117000,0000;3;9;POINT(37.85868 55.757997);55.757997;37.85868;01.12.2016 0:00:00;myData.biz
237777;Moscow oblast;Reutov;Moscow region, Reutov, New street, 15;180000,0000;181000,0000;182000,0000;2;5;POINT(37.85833 55.758554);55.758554;37.85833;01.02.2017 0:00:00;myData.biz
142721;Moscow oblast;Reutov;Moscow region, Reutov, New street, 18;91000,0000;109000,0000;155000,0000;14;25;POINT(37.861025 55.758119);55.758119;37.861025;01.11.2016 0:00:00;myData.biz
142781;Moscow oblast;Reutov;Moscow region, Reutov, New street, 19;99000,0000;114000,0000;129000,0000;5;17;POINT(37.859498 55.759142);55.759142;37.859498;01.11.2016 0:00:00;myData.biz
180486;Moscow oblast;Reutov;Moscow region, Reutov, New street, 4;85000,0000;113000,0000;131000,0000;3;5;POINT(37.852751 55.75633);55.75633;37.852751;01.11.2016 0:00:00;myData.biz
142775;Moscow oblast;Reutov;Moscow region, Reutov, New street, 6;62000,0000;105000,0000;170000,0000;22;14;POINT(37.853371 55.757232);55.757232;37.853371;01.12.2016 0:00:00;myData.biz
142798;Moscow oblast;Reutov;Moscow region, Reutov, New street, 8;99000,0000;100000,0000;100000,0000;3;17;POINT(37.85506 55.757242);55.757242;37.85506;01.12.2016 0:00:00;myData.biz
243290;Moscow oblast;Reutov;Moscow region, Reutov, New street, 9A;126000,0000;126000,0000;126000,0000;1;5;POINT(37.855015 55.758255);55.758255;37.855015;01.03.2017 0:00:00;myData.biz
142820;Moscow oblast;Reutov;Moscow region, Reutov, nosovihinskoe highway, 11;158000,0000;167000,0000;173000,0000;4;14;POINT(37.861734 55.745863);55.745863;37.861734;01.11.2016 0:00:00;myData.biz
222425;Moscow oblast;Reutov;Moscow region, Reutov, nosovihinskoe highway, 14;133000,0000;137000,0000;142000,0000;2;12;POINT(37.870547 55.747378);55.747378;37.870547;01.02.2017 0:00:00;myData.biz
142666;Moscow oblast;Reutov;Moscow region, Reutov, nosovihinskoe highway, 15;124000,0000;137000,0000;147000,0000;13;9;POINT(37.870493 55.748184);55.748184;37.870493;01.12.2016 0:00:00;myData.biz
142749;Moscow oblast;Reutov;Moscow region, Reutov, nosovihinskoe highway, 16;110000,0000;132000,0000;148000,0000;3;5;POINT(37.871266 55.748807);55.748807;37.871266;01.11.2016 0:00:00;myData.biz
142784;Moscow oblast;Reutov;Moscow region, Reutov, nosovihinskoe highway, 17;113000,0000;129000,0000;140000,0000;8;5;POINT(37.871706 55.747926);55.747926;37.871706;01.11.2016 0:00:00;myData.biz
179579;Moscow oblast;Reutov;Moscow region, Reutov, nosovihinskoe highway, 19;150000,0000;150000,0000;150000,0000;1;9;POINT(37.873538 55.748037);55.748037;37.873538;01.11.2016 0:00:00;myData.biz
246188;Moscow oblast;Reutov;Moscow region, Reutov, nosovihinskoe highway, 20;144000,0000;144000,0000;144000,0000;1;5;POINT(37.873727 55.748767);55.748767;37.873727;01.03.2017 0:00:00;myData.biz
142747;Moscow oblast;Reutov;Moscow region, Reutov, nosovihinskoe highway, 21;103000,0000;142000,0000;176000,0000;9;10;POINT(37.872308 55.748721);55.748721;37.872308;01.11.2016 0:00:00;myData.biz
142719;Moscow oblast;Reutov;Moscow region, Reutov, nosovihinskoe highway, 22;127000,0000;154000,0000;171000,0000;11;24;POINT(37.873287 55.749461);55.749461;37.873287;01.12.2016 0:00:00;myData.biz
142665;Moscow oblast;Reutov;Moscow region, Reutov, nosovihinskoe highway, 23;127000,0000;140000,0000;157000,0000;8;14;POINT(37.875344 55.748331);55.748331;37.875344;01.12.2016 0:00:00;myData.biz
142699;Moscow oblast;Reutov;Moscow region, Reutov, nosovihinskoe highway, 25;106000,0000;144000,0000;193000,0000;61;25;POINT(37.874967 55.749511);55.749511;37.874967;01.12.2016 0:00:00;myData.biz
142677;Moscow oblast;Reutov;Moscow region, Reutov, nosovihinskoe highway, 27;102000,0000;129000,0000;159000,0000;94;25;POINT(37.87688 55.749557);55.749557;37.87688;01.12.2016 0:00:00;myData.biz
142815;Moscow oblast;Reutov;Moscow region, Reutov, nosovihinskoe highway, 3;106000,0000;125000,0000;151000,0000;5;14;POINT(37.856659 55.745889);55.745889;37.856659;01.10.2016 0:00:00;myData.biz
142793;Moscow oblast;Reutov;Moscow region, Reutov, nosovihinskoe highway, 37;131000,0000;133000,0000;134000,0000;4;25;POINT(37.882737 55.750439);55.750439;37.882737;01.10.2016 0:00:00;myData.biz
142733;Moscow oblast;Reutov;Moscow region, Reutov, nosovihinskoe highway, 6;138000,0000;151000,0000;157000,0000;5;16;POINT(37.858078 55.745949);55.745949;37.858078;01.12.2016 0:00:00;myData.biz
142838;Moscow oblast;Reutov;Moscow region, Reutov, nosovihinskoe highway, 8;128000,0000;153000,0000;176000,0000;4;15;POINT(37.859758 55.745853);55.745853;37.859758;01.11.2016 0:00:00;myData.biz
243886;Moscow oblast;Reutov;Moscow region, Reutov, novogireevskaya ulitsa, 8;84000,0000;84000,0000;84000,0000;1;3;POINT(37.85382 55.755469);55.755469;37.85382;01.03.2017 0:00:00;myData.biz
142696;Moscow oblast;Reutov;Moscow region, Reutov, Park street, 6;113000,0000;125000,0000;146000,0000;15;17;POINT(37.863549 55.760342);55.760342;37.863549;01.11.2016 0:00:00;myData.biz
167383;Moscow oblast;Reutov;Moscow region, Reutov, Park street, 8;104000,0000;126000,0000;135000,0000;7;24;POINT(37.865013 55.760702);55.760702;37.865013;01.12.2016 0:00:00;myData.biz
142808;Moscow oblast;Reutov;Moscow region, Reutov, Park street, 8k3;112000,0000;126000,0000;190000,0000;9;22;POINT(37.866558 55.760307);55.760307;37.866558;01.12.2016 0:00:00;myData.biz
142695;Moscow oblast;Reutov;Moscow region, Reutov, Park street, 8к1;106000,0000;139000,0000;175000,0000;24;25;POINT(37.865597 55.761117);55.761117;37.865597;01.11.2016 0:00:00;myData.biz
142766;Moscow oblast;Reutov;Moscow region, Reutov, Park street, 8к2;120000,0000;126000,0000;133000,0000;8;24;POINT(37.866118 55.760636);55.760636;37.866118;01.10.2016 0:00:00;myData.biz
161764;Moscow oblast;Reutov;Moscow region, Reutov, Pobedy street, 17;103000,0000;115000,0000;125000,0000;8;9;POINT(37.852167 55.763391);55.763391;37.852167;01.12.2016 0:00:00;myData.biz
142657;Moscow oblast;Reutov;Moscow region, Reutov, Pobedy street, 22;105000,0000;126000,0000;186000,0000;9;12;POINT(37.849077 55.766957);55.766957;37.849077;01.11.2016 0:00:00;myData.biz
238615;Moscow oblast;Reutov;Moscow region, Reutov, prosp. Mira, 45;109000,0000;120000,0000;131000,0000;2;5;POINT(37.863702 55.768831);55.768831;37.863702;01.02.2017 0:00:00;myData.biz
142713;Moscow oblast;Reutov;Moscow region, Reutov, prosp. Mira, 5;108000,0000;119000,0000;142000,0000;3;5;POINT(37.861663 55.761512);55.761512;37.861663;01.11.2016 0:00:00;myData.biz
142723;Moscow oblast;Reutov;Moscow region, Reutov, prosp. Mira, 55;77000,0000;96000,0000;129000,0000;4;5;POINT(37.862821 55.771601);55.771601;37.862821;01.11.2016 0:00:00;myData.biz
174168;Moscow oblast;Reutov;Moscow region, Reutov, residential complex Novokosino-2, K16;143000,0000;160000,0000;176000,0000;2;17;POINT(37.885791 55.75094);55.75094;37.885791;01.11.2016 0:00:00;myData.biz
142674;Moscow oblast;Reutov;Moscow region, Reutov, Reutov, street of the militia, 2;79000,0000;88000,0000;100000,0000;12;25;POINT(37.846831 55.771287);55.771287;37.846831;01.01.2017 0:00:00;myData.biz
142752;Moscow oblast;Reutov;Moscow region, Reutov, Reutov, street of the militia, 4;69000,0000;87000,0000;105000,0000;17;25;POINT(37.84684 55.771849);55.771849;37.84684;01.01.2017 0:00:00;myData.biz
142852;Moscow oblast;Reutov;Moscow region, Reutov, Reutov, street of the Militia, 6;59000,0000;95000,0000;162000,0000;6;24;POINT(37.846418 55.772715);55.772715;37.846418;01.11.2016 0:00:00;myData.biz
142727;Moscow oblast;Reutov;Moscow region, Reutov, South street, 10;111000,0000;118000,0000;128000,0000;10;14;POINT(37.861573 55.746988);55.746988;37.861573;01.11.2016 0:00:00;myData.biz
222242;Moscow oblast;Reutov;Moscow region, Reutov, South street, 11;134000,0000;135000,0000;137000,0000;2;15;POINT(37.863181 55.74786);55.74786;37.863181;01.01.2017 0:00:00;myData.biz
172899;Moscow oblast;Reutov;Moscow region, Reutov, South street, 13;178000,0000;178000,0000;178000,0000;1;14;POINT(37.864564 55.747946);55.747946;37.864564;01.11.2016 0:00:00;myData.biz
142705;Moscow oblast;Reutov;Moscow region, Reutov, South street, 15;121000,0000;139000,0000;161000,0000;13;16;POINT(37.863387 55.746963);55.746963;37.863387;01.01.2017 0:00:00;myData.biz
142859;Moscow oblast;Reutov;Moscow region, Reutov, South street, 19;123000,0000;131000,0000;140000,0000;2;12;POINT(37.864429 55.746172);55.746172;37.864429;01.11.2016 0:00:00;myData.biz
142726;Moscow oblast;Reutov;Moscow region, Reutov, South street, 2;147000,0000;149000,0000;151000,0000;3;9;POINT(37.859543 55.750175);55.750175;37.859543;01.12.2016 0:00:00;myData.biz
142855;Moscow oblast;Reutov;Moscow region, Reutov, South street, 9;132000,0000;134000,0000;135000,0000;3;14;POINT(37.862768 55.748331);55.748331;37.862768;01.11.2016 0:00:00;myData.biz
178583;Moscow oblast;Reutov;Moscow region, Reutov, Sovetskaya str., 10;86000,0000;90000,0000;94000,0000;5;5;POINT(37.857189 55.76638);55.76638;37.857189;01.12.2016 0:00:00;myData.biz
142740;Moscow oblast;Reutov;Moscow region, Reutov, Sovetskaya str., 13;89000,0000;105000,0000;118000,0000;6;5;POINT(37.860351 55.769074);55.769074;37.860351;01.10.2016 0:00:00;myData.biz
142821;Moscow oblast;Reutov;Moscow region, Reutov, Sovetskaya str., 14;108000,0000;121000,0000;137000,0000;6;14;POINT(37.858312 55.76841);55.76841;37.858312;01.12.2016 0:00:00;myData.biz
242222;Moscow oblast;Reutov;Moscow region, Reutov, Sovetskaya str., 20A;105000,0000;105000,0000;105000,0000;1;5;POINT(37.859408 55.767185);55.767185;37.859408;01.02.2017 0:00:00;myData.biz
191005;Moscow oblast;Reutov;Moscow region, Reutov, Sovetskaya str., 33;119000,0000;120000,0000;122000,0000;5;5;POINT(37.862777 55.769226);55.769226;37.862777;01.12.2016 0:00:00;myData.biz
142735;Moscow oblast;Reutov;Moscow region, Reutov, Sovetskaya str., 4k1;117000,0000;133000,0000;148000,0000;19;25;POINT(37.855195 55.764764);55.764764;37.855195;01.12.2016 0:00:00;myData.biz
142760;Moscow oblast;Reutov;Moscow region, Reutov, Sovetskaya street, 11;142000,0000;142000,0000;142000,0000;1;5;POINT(37.860252 55.76839);55.76839;37.860252;01.10.2016 0:00:00;myData.biz
222986;Moscow oblast;Reutov;Moscow region, Reutov, Sovetskaya street, 12;100000,0000;100000,0000;100000,0000;1;5;POINT(37.857881 55.766638);55.766638;37.857881;01.01.2017 0:00:00;myData.biz
142693;Moscow oblast;Reutov;Moscow region, Reutov, Sovetskaya street, 14к1;109000,0000;126000,0000;145000,0000;15;24;POINT(37.858851 55.768815);55.768815;37.858851;01.12.2016 0:00:00;myData.biz
142861;Moscow oblast;Reutov;Moscow region, Reutov, Sovetskaya street, 15;101000,0000;106000,0000;115000,0000;3;5;POINT(37.857584 55.768659);55.768659;37.857584;01.11.2016 0:00:00;myData.biz
142797;Moscow oblast;Reutov;Moscow region, Reutov, Sovetskaya street, 16;111000,0000;122000,0000;129000,0000;4;14;POINT(37.859066 55.767808);55.767808;37.859066;01.11.2016 0:00:00;myData.biz
232422;Moscow oblast;Reutov;Moscow region, Reutov, Sovetskaya street, 18;157000,0000;157000,0000;157000,0000;1;14;POINT(37.858186 55.767458);55.767458;37.858186;01.02.2017 0:00:00;myData.biz
142796;Moscow oblast;Reutov;Moscow region, Reutov, Sovetskaya street, 20;102000,0000;107000,0000;117000,0000;4;5;POINT(37.858608 55.766942);55.766942;37.858608;01.11.2016 0:00:00;myData.biz
142792;Moscow oblast;Reutov;Moscow region, Reutov, Sovetskaya street, 21;100000,0000;128000,0000;165000,0000;6;5;POINT(37.859857 55.76998);55.76998;37.859857;01.11.2016 0:00:00;myData.biz
242720;Moscow oblast;Reutov;Moscow region, Reutov, Sovetskaya street, 22;89000,0000;102000,0000;116000,0000;2;5;POINT(37.860189 55.767443);55.767443;37.860189;01.03.2017 0:00:00;myData.biz
142659;Moscow oblast;Reutov;Moscow region, Reutov, Sovetskaya street, 22к1;106000,0000;127000,0000;150000,0000;16;17;POINT(37.86045 55.766673);55.766673;37.86045;01.12.2016 0:00:00;myData.biz
142761;Moscow oblast;Reutov;Moscow region, Reutov, Sovetskaya street, 23;113000,0000;113000,0000;113000,0000;1;5;POINT(37.860171 55.770304);55.770304;37.860171;01.10.2016 0:00:00;myData.biz
142731;Moscow oblast;Reutov;Moscow region, Reutov, Sovetskaya street, 24;99000,0000;117000,0000;123000,0000;4;5;POINT(37.860935 55.767382);55.767382;37.860935;01.11.2016 0:00:00;myData.biz
142818;Moscow oblast;Reutov;Moscow region, Reutov, Sovetskaya street, 25;90000,0000;96000,0000;106000,0000;7;5;POINT(37.860818 55.771069);55.771069;37.860818;01.10.2016 0:00:00;myData.biz
142790;Moscow oblast;Reutov;Moscow region, Reutov, Sovetskaya street, 28;111000,0000;111000,0000;111000,0000;1;5;POINT(37.862318 55.767215);55.767215;37.862318;01.10.2016 0:00:00;myData.biz
187254;Moscow oblast;Reutov;Moscow region, Reutov, Sovetskaya street, 29;119000,0000;126000,0000;129000,0000;4;9;POINT(37.863136 55.768036);55.768036;37.863136;01.12.2016 0:00:00;myData.biz
166956;Moscow oblast;Reutov;Moscow region, Reutov, Sovetskaya street, 30;96000,0000;98000,0000;99000,0000;2;5;POINT(37.862974 55.767154);55.767154;37.862974;01.12.2016 0:00:00;myData.biz
156919;Moscow oblast;Reutov;Moscow region, Reutov, Sovetskaya street, 35;105000,0000;112000,0000;116000,0000;5;5;POINT(37.863064 55.770122);55.770122;37.863064;01.12.2016 0:00:00;myData.biz
142840;Moscow oblast;Reutov;Moscow region, Reutov, Sovetskaya street, 37;110000,0000;134000,0000;176000,0000;17;17;POINT(37.861914 55.770406);55.770406;37.861914;01.12.2016 0:00:00;myData.biz
142854;Moscow oblast;Reutov;Moscow region, Reutov, Sovetskaya street, 6;100000,0000;112000,0000;132000,0000;5;5;POINT(37.855806 55.76559);55.76559;37.855806;01.11.2016 0:00:00;myData.biz
220659;Moscow oblast;Reutov;Moscow region, Reutov, Sovetskaya ulitsa, 19;100000,0000;100000,0000;100000,0000;1;5;POINT(37.859426 55.769661);55.769661;37.859426;01.01.2017 0:00:00;myData.biz
142746;Moscow oblast;Reutov;Moscow region, Reutov, St. Gagarin, 13;89000,0000;105000,0000;127000,0000;4;5;POINT(37.861402 55.762247);55.762247;37.861402;01.12.2016 0:00:00;myData.biz
142866;Moscow oblast;Reutov;Moscow region, Reutov, St. Gagarin, 29;91000,0000;102000,0000;118000,0000;3;5;POINT(37.861321 55.765863);55.765863;37.861321;01.11.2016 0:00:00;myData.biz
247386;Moscow oblast;Reutov;Moscow region, Reutov, St. Gagarin, 3;118000,0000;118000,0000;118000,0000;1;5;POINT(37.862435 55.761467);55.761467;37.862435;01.03.2017 0:00:00;myData.biz
142763;Moscow oblast;Reutov;Moscow region, Reutov, St. Gagarin, 33;111000,0000;111000,0000;111000,0000;1;5;POINT(37.863055 55.765645);55.765645;37.863055;01.10.2016 0:00:00;myData.biz
142786;Moscow oblast;Reutov;Moscow region, Reutov, St. Gagarin, 49;109000,0000;114000,0000;117000,0000;3;5;POINT(37.864205 55.770269);55.770269;37.864205;01.11.2016 0:00:00;myData.biz
142702;Moscow oblast;Reutov;Moscow region, Reutov, St. Gagarin, 57;87000,0000;94000,0000;97000,0000;4;12;POINT(37.864609 55.771378);55.771378;37.864609;01.12.2016 0:00:00;myData.biz
189701;Moscow oblast;Reutov;Moscow region, Reutov, St. Gagarin, 9;90000,0000;96000,0000;102000,0000;2;5;POINT(37.859578 55.762394);55.762394;37.859578;01.12.2016 0:00:00;myData.biz
142842;Moscow oblast;Reutov;Moscow region, Reutov, street Dzerzhinsky, 1;131000,0000;146000,0000;160000,0000;2;12;POINT(37.848044 55.751229);55.751229;37.848044;01.11.2016 0:00:00;myData.biz
245685;Moscow oblast;Reutov;Moscow region, Reutov, street Dzerzhinsky, 7;121000,0000;121000,0000;121000,0000;1;5;POINT(37.854234 55.752642);55.752642;37.854234;01.03.2017 0:00:00;myData.biz
218283;Moscow oblast;Reutov;Moscow region, Reutov, street Gagarina, 14;111000,0000;165000,0000;204000,0000;6;5;POINT(37.862965 55.763908);55.763908;37.862965;01.03.2017 0:00:00;myData.biz
142858;Moscow oblast;Reutov;Moscow region, Reutov, street Gagarina, 15;91000,0000;96000,0000;98000,0000;3;4;POINT(37.860297 55.764399);55.764399;37.860297;01.12.2016 0:00:00;myData.biz
142684;Moscow oblast;Reutov;Moscow region, Reutov, street Gagarina, 23;86000,0000;92000,0000;98000,0000;2;6;POINT(37.863935 55.764896);55.764896;37.863935;01.12.2016 0:00:00;myData.biz
205379;Moscow oblast;Reutov;Moscow region, Reutov, street Gagarina, 23A;68000,0000;78000,0000;91000,0000;45;25;POINT(37.864941 55.765615);55.765615;37.864941;01.02.2017 0:00:00;myData.biz
179016;Moscow oblast;Reutov;Moscow region, Reutov, street Gagarina, 3;85000,0000;89000,0000;96000,0000;3;4;POINT(37.857584 55.762956);55.762956;37.857584;01.11.2016 0:00:00;myData.biz
142809;Moscow oblast;Reutov;Moscow region, Reutov, street Gagarina, 42/10;115000,0000;137000,0000;148000,0000;11;12;POINT(37.867762 55.760236);55.760236;37.867762;01.12.2016 0:00:00;myData.biz
228968;Moscow oblast;Reutov;Moscow region, Reutov, street Gagarina, 7;84000,0000;84000,0000;84000,0000;1;5;POINT(37.858015 55.763792);55.763792;37.858015;01.01.2017 0:00:00;myData.biz
142676;Moscow oblast;Reutov;Moscow region, Reutov, street Nekrasova, 26;115000,0000;123000,0000;133000,0000;3;12;POINT(37.851314 55.772937);55.772937;37.851314;01.10.2016 0:00:00;myData.biz
142686;Moscow oblast;Reutov;Moscow region, Reutov, street New, 2;121000,0000;121000,0000;122000,0000;3;17;POINT(37.852383 55.75703);55.75703;37.852383;01.01.2017 0:00:00;myData.biz
142795;Moscow oblast;Reutov;Moscow region, Reutov, street October, 1;110000,0000;118000,0000;130000,0000;6;17;POINT(37.848368 55.748473);55.748473;37.848368;01.12.2016 0:00:00;myData.biz
142712;Moscow oblast;Reutov;Moscow region, Reutov, street October, 18;103000,0000;137000,0000;166000,0000;15;18;POINT(37.868382 55.753225);55.753225;37.868382;01.11.2016 0:00:00;myData.biz
179851;Moscow oblast;Reutov;Moscow region, Reutov, street October, 2;106000,0000;125000,0000;144000,0000;2;25;POINT(37.849454 55.748716);55.748716;37.849454;01.11.2016 0:00:00;myData.biz
142738;Moscow oblast;Reutov;Moscow region, Reutov, street October, 20;143000,0000;161000,0000;200000,0000;14;25;POINT(37.8684 55.75248);55.75248;37.8684;01.11.2016 0:00:00;myData.biz
142736;Moscow oblast;Reutov;Moscow region, Reutov, street October, 22;106000,0000;145000,0000;162000,0000;8;18;POINT(37.869774 55.752875);55.752875;37.869774;01.11.2016 0:00:00;myData.biz
142681;Moscow oblast;Reutov;Moscow region, Reutov, street October, 24;111000,0000;147000,0000;170000,0000;10;17;POINT(37.870583 55.75363);55.75363;37.870583;01.12.2016 0:00:00;myData.biz
142734;Moscow oblast;Reutov;Moscow region, Reutov, street October, 28;111000,0000;133000,0000;148000,0000;18;18;POINT(37.872622 55.754);55.754;37.872622;01.11.2016 0:00:00;myData.biz
142773;Moscow oblast;Reutov;Moscow region, Reutov, street October, 3;91000,0000;113000,0000;132000,0000;10;25;POINT(37.850425 55.748949);55.748949;37.850425;01.12.2016 0:00:00;myData.biz
142788;Moscow oblast;Reutov;Moscow region, Reutov, street October, 30;121000,0000;142000,0000;170000,0000;13;25;POINT(37.873197 55.752962);55.752962;37.873197;01.11.2016 0:00:00;myData.biz
142811;Moscow oblast;Reutov;Moscow region, Reutov, street October, 38;93000,0000;121000,0000;160000,0000;34;20;POINT(37.8775 55.754441);55.754441;37.8775;01.12.2016 0:00:00;myData.biz
142768;Moscow oblast;Reutov;Moscow region, Reutov, street October, 4;98000,0000;117000,0000;140000,0000;3;17;POINT(37.851862 55.748792);55.748792;37.851862;01.10.2016 0:00:00;myData.biz
142679;Moscow oblast;Reutov;Moscow region, Reutov, street October, 42;94000,0000;127000,0000;156000,0000;25;25;POINT(37.880366 55.754689);55.754689;37.880366;01.12.2016 0:00:00;myData.biz
142675;Moscow oblast;Reutov;Moscow region, Reutov, street October, 44;88000,0000;109000,0000;130000,0000;19;25;POINT(37.881488 55.755616);55.755616;37.881488;01.01.2017 0:00:00;myData.biz
142671;Moscow oblast;Reutov;Moscow region, Reutov, street October, 48;99000,0000;114000,0000;152000,0000;22;25;POINT(37.883186 55.755945);55.755945;37.883186;01.01.2017 0:00:00;myData.biz
142764;Moscow oblast;Reutov;Moscow region, Reutov, street October, 5;93000,0000;125000,0000;177000,0000;18;25;POINT(37.852042 55.749522);55.749522;37.852042;01.12.2016 0:00:00;myData.biz
142678;Moscow oblast;Reutov;Moscow region, Reutov, street October, 52;88000,0000;110000,0000;154000,0000;46;25;POINT(37.884489 55.756214);55.756214;37.884489;01.12.2016 0:00:00;myData.biz
196647;Moscow oblast;Reutov;Moscow region, Reutov, street October, 6;108000,0000;108000,0000;108000,0000;1;9;POINT(37.854683 55.749663);55.749663;37.854683;01.12.2016 0:00:00;myData.biz
142860;Moscow oblast;Reutov;Moscow region, Reutov, street October, 8;121000,0000;151000,0000;167000,0000;6;9;POINT(37.856722 55.750398);55.750398;37.856722;01.12.2016 0:00:00;myData.biz
142783;Moscow oblast;Reutov;Moscow region, Reutov, street of Builders, 1;98000,0000;100000,0000;103000,0000;3;9;POINT(37.850577 55.76364);55.76364;37.850577;01.10.2016 0:00:00;myData.biz
159205;Moscow oblast;Reutov;Moscow region, Reutov, street of Builders, 11;136000,0000;140000,0000;144000,0000;2;9;POINT(37.847155 55.761072);55.761072;37.847155;01.12.2016 0:00:00;myData.biz
142810;Moscow oblast;Reutov;Moscow region, Reutov, street of Builders, 13;104000,0000;104000,0000;104000,0000;2;9;POINT(37.848206 55.761062);55.761062;37.848206;01.11.2016 0:00:00;myData.biz
158401;Moscow oblast;Reutov;Moscow region, Reutov, street of Builders, 3;98000,0000;98000,0000;98000,0000;1;9;POINT(37.849679 55.76292);55.76292;37.849679;01.10.2016 0:00:00;myData.biz
171286;Moscow oblast;Reutov;Moscow region, Reutov, street of Kalinin, 10;170000,0000;170000,0000;171000,0000;3;9;POINT(37.85771 55.754557);55.754557;37.85771;01.12.2016 0:00:00;myData.biz
142720;Moscow oblast;Reutov;Moscow region, Reutov, street of Kalinin, 12;131000,0000;140000,0000;156000,0000;8;9;POINT(37.856632 55.754056);55.754056;37.856632;01.12.2016 0:00:00;myData.biz
142828;Moscow oblast;Reutov;Moscow region, Reutov, street of Kalinin, 14;124000,0000;127000,0000;131000,0000;2;9;POINT(37.856722 55.754345);55.754345;37.856722;01.10.2016 0:00:00;myData.biz
249542;Moscow oblast;Reutov;Moscow region, Reutov, street of Kalinin, 20;210000,0000;210000,0000;210000,0000;1;5;POINT(37.855338 55.753752);55.753752;37.855338;01.03.2017 0:00:00;myData.biz
184274;Moscow oblast;Reutov;Moscow region, Reutov, street of Kalinin, 22;132000,0000;157000,0000;182000,0000;2;5;POINT(37.854 55.753438);55.753438;37.854;01.01.2017 0:00:00;myData.biz
166954;Moscow oblast;Reutov;Moscow region, Reutov, street of Kalinin, 3;108000,0000;108000,0000;108000,0000;1;5;POINT(37.855707 55.753311);55.753311;37.855707;01.11.2016 0:00:00;myData.biz
142767;Moscow oblast;Reutov;Moscow region, Reutov, street of Kirov, 7;100000,0000;130000,0000;161000,0000;15;17;POINT(37.851188 55.759015);55.759015;37.851188;01.01.2017 0:00:00;myData.biz
142660;Moscow oblast;Reutov;Moscow region, Reutov, street of Kirov, 7к1;110000,0000;125000,0000;139000,0000;4;19;POINT(37.850928 55.759593);55.759593;37.850928;01.10.2016 0:00:00;myData.biz
142848;Moscow oblast;Reutov;Moscow region, Reutov, street of Kirov, 9;111000,0000;134000,0000;155000,0000;11;25;POINT(37.851305 55.75781);55.75781;37.851305;01.12.2016 0:00:00;myData.biz
233708;Moscow oblast;Reutov;Moscow region, Reutov, street of Lenin, 16;122000,0000;122000,0000;122000,0000;1;12;POINT(37.856857 55.758514);55.758514;37.856857;01.02.2017 0:00:00;myData.biz
142778;Moscow oblast;Reutov;Moscow region, Reutov, street of Lenin, 19/10;128000,0000;128000,0000;128000,0000;1;14;POINT(37.85621 55.757389);55.757389;37.85621;01.10.2016 0:00:00;myData.biz
142867;Moscow oblast;Reutov;Moscow region, Reutov, street of Lenin, 2;119000,0000;119000,0000;119000,0000;2;9;POINT(37.860243 55.754127);55.754127;37.860243;01.10.2016 0:00:00;myData.biz
142683;Moscow oblast;Reutov;Moscow region, Reutov, street of Lenin, 21;131000,0000;138000,0000;143000,0000;5;5;POINT(37.855536 55.758453);55.758453;37.855536;01.01.2017 0:00:00;myData.biz
239906;Moscow oblast;Reutov;Moscow region, Reutov, street of Lenin, 23;124000,0000;124000,0000;124000,0000;1;5;POINT(37.855015 55.759091);55.759091;37.855015;01.02.2017 0:00:00;myData.biz
206089;Moscow oblast;Reutov;Moscow region, Reutov, street of Lenin, 33;114000,0000;114000,0000;114000,0000;1;9;POINT(37.855015 55.76211);55.76211;37.855015;01.12.2016 0:00:00;myData.biz
188818;Moscow oblast;Reutov;Moscow region, Reutov, street of Lenin, 37;108000,0000;108000,0000;108000,0000;1;9;POINT(37.85559 55.762718);55.762718;37.85559;01.11.2016 0:00:00;myData.biz
142785;Moscow oblast;Reutov;Moscow region, Reutov, street of the Academician Chelomeya, 12;111000,0000;129000,0000;143000,0000;3;25;POINT(37.878506 55.749005);55.749005;37.878506;01.10.2016 0:00:00;myData.biz
142685;Moscow oblast;Reutov;Moscow region, Reutov, street of the Academician Chelomeya, 7;126000,0000;151000,0000;168000,0000;8;25;POINT(37.879386 55.751244);55.751244;37.879386;01.11.2016 0:00:00;myData.biz
142697;Moscow oblast;Reutov;Moscow region, Reutov, street of the Academician Chelomeya, 9;123000,0000;140000,0000;182000,0000;27;17;POINT(37.879925 55.75051);55.75051;37.879925;01.12.2016 0:00:00;myData.biz
171287;Moscow oblast;Reutov;Moscow region, Reutov, street of the Academician Chelomeya, K17;85000,0000;97000,0000;145000,0000;12;25;POINT(37.880455 55.749648);55.749648;37.880455;01.01.2017 0:00:00;myData.biz
142664;Moscow oblast;Reutov;Moscow region, Reutov, street of the Victory, 30;114000,0000;146000,0000;195000,0000;4;9;POINT(37.847299 55.767894);55.767894;37.847299;01.01.2017 0:00:00;myData.biz
251407;Moscow oblast;Reutov;Moscow region, Reutov, street Soviet, 31;110000,0000;110000,0000;110000,0000;1;5;POINT(37.862723 55.768572);55.768572;37.862723;01.03.2017 0:00:00;myData.biz
142839;Moscow oblast;Reutov;Moscow region, Reutov, street Voytovych, 2;97000,0000;126000,0000;145000,0000;5;5;POINT(37.856722 55.754912);55.754912;37.856722;01.11.2016 0:00:00;myData.biz
142742;Moscow oblast;Reutov;Moscow region, Reutov, street Voytovych, 3;112000,0000;124000,0000;129000,0000;5;17;POINT(37.855285 55.755302);55.755302;37.855285;01.11.2016 0:00:00;myData.biz
142706;Moscow oblast;Reutov;Moscow region, Reutov, street Voytovych, 4;97000,0000;103000,0000;108000,0000;3;5;POINT(37.856255 55.755697);55.755697;37.856255;01.12.2016 0:00:00;myData.biz
142864;Moscow oblast;Reutov;Moscow region, Reutov, street Voytovych, 6;109000,0000;126000,0000;155000,0000;3;5;POINT(37.855285 55.756523);55.756523;37.855285;01.10.2016 0:00:00;myData.biz
166242;Moscow oblast;Reutov;Moscow region, Reutov, street Youth, 5;140000,0000;153000,0000;171000,0000;4;9;POINT(37.84941 55.747551);55.747551;37.84941;01.12.2016 0:00:00;myData.biz
142668;Moscow oblast;Reutov;Moscow region, Reutov, street Youth, 6;115000,0000;121000,0000;128000,0000;3;14;POINT(37.849993 55.746846);55.746846;37.849993;01.11.2016 0:00:00;myData.biz
142804;Moscow oblast;Reutov;Moscow region, Reutov, street, 9;108000,0000;113000,0000;120000,0000;6;5;POINT(37.854054 55.758656);55.758656;37.854054;01.12.2016 0:00:00;myData.biz
142834;Moscow oblast;Reutov;Moscow region, Reutov, Victory street, 14;109000,0000;114000,0000;119000,0000;3;5;POINT(37.855554 55.763462);55.763462;37.855554;01.11.2016 0:00:00;myData.biz
142799;Moscow oblast;Reutov;Moscow region, Reutov, Victory street, 15;97000,0000;119000,0000;130000,0000;3;9;POINT(37.854045 55.763493);55.763493;37.854045;01.12.2016 0:00:00;myData.biz
164135;Moscow oblast;Reutov;Moscow region, Reutov, Victory street, 15к1;152000,0000;155000,0000;158000,0000;5;25;POINT(37.85418 55.762232);55.762232;37.85418;01.11.2016 0:00:00;myData.biz
161765;Moscow oblast;Reutov;Moscow region, Reutov, Victory street, 19;127000,0000;127000,0000;127000,0000;2;9;POINT(37.851619 55.764085);55.764085;37.851619;01.10.2016 0:00:00;myData.biz
241192;Moscow oblast;Reutov;Moscow region, Reutov, Victory street, 2;179000,0000;179000,0000;179000,0000;1;9;POINT(37.86142 55.760894);55.760894;37.86142;01.02.2017 0:00:00;myData.biz
142717;Moscow oblast;Reutov;Moscow region, Reutov, Victory street, 22к1;118000,0000;121000,0000;125000,0000;5;14;POINT(37.849347 55.767575);55.767575;37.849347;01.11.2016 0:00:00;myData.biz
142661;Moscow oblast;Reutov;Moscow region, Reutov, Victory street, 22к2;107000,0000;115000,0000;132000,0000;4;17;POINT(37.850065 55.767995);55.767995;37.850065;01.12.2016 0:00:00;myData.biz
174167;Moscow oblast;Reutov;Moscow region, Reutov, Victory street, 22к3;113000,0000;128000,0000;143000,0000;3;14;POINT(37.850964 55.768309);55.768309;37.850964;01.01.2017 0:00:00;myData.biz
142851;Moscow oblast;Reutov;Moscow region, Reutov, Victory street, 2к1;120000,0000;132000,0000;148000,0000;8;17;POINT(37.860486 55.761725);55.761725;37.860486;01.12.2016 0:00:00;myData.biz
142698;Moscow oblast;Reutov;Moscow region, Reutov, Youth street, 1;126000,0000;139000,0000;158000,0000;7;17;POINT(37.84693 55.747824);55.747824;37.84693;01.11.2016 0:00:00;myData.biz
142823;Moscow oblast;Reutov;Moscow region, Reutov, Youth street, 2;118000,0000;131000,0000;139000,0000;6;17;POINT(37.846885 55.746613);55.746613;37.846885;01.01.2017 0:00:00;myData.biz
142771;Moscow oblast;Reutov;Moscow region, Reutov, Youth street, 4;119000,0000;135000,0000;159000,0000;9;17;POINT(37.84835 55.747282);55.747282;37.84835;01.12.2016 0:00:00;myData.biz
